卖家Id,卖家入驻闲鱼时长,卖家卖出商品数量,卖家职业,卖家访问闲鱼频率,卖家芝麻评级,卖家芝麻信用,卖家发货地址,商品标题,商品状态,商品划线价格,商品售价,商品数量,商品邮费,商品浏览数,商品想要人数,商品点赞数,商品同款信息,商品描述
313978725,来闲鱼1534天了,卖出过23件宝贝,保证个人闲置，诚信出售,7分钟前来过,A,信用极好,北京,skechers2020夏季新款t恤 运动户外项目：运动休闲,在售,0,49,1,7,28,0,0,无同款商品信息,"skechers2020夏季新款t恤 运动户外项目：运动休闲 服装版型：常规 材质：棉 服装款式细节：品牌LOGO 功能：透气
旗舰店购入全新带吊牌一共三件分别100码110码120码
不包邮不讲价
二手物品不退不换"
2858582176,来闲鱼1101天了,卖出过289件宝贝,,2分钟前来过,B,信用优秀,保定,H&M速干裤，运动健身裤，瑜伽裤,在售,199,25,1,0,42,1,0,无同款商品信息,"H&M速干裤，运动健身裤，瑜伽裤
专柜购入，尺码170 
裤长70cm，腰围35cm
弹力很大，穿着非常舒服
9成新，多条包邮"
1081723195,来闲鱼933天了,卖出过17件宝贝,,2小时前来过,A,信用极好,大连,品牌型号：冬季 纯橙色 厚运动裤 尺码：3尺左右均可穿着 基,在售,0,25,1,0,51,1,0,无同款商品信息,品牌型号：冬季 纯橙色 厚运动裤 尺码：3尺左右均可穿着 基础风格：运动 九成新 偏远地区邮费另计 二手衣物售后不退不换
666786030,来闲鱼1209天了,卖出过80件宝贝,贸易行业销售,连续2天来过,A,信用极好,大连,李宁女连帽上衣运动服9新M码,在售,240,49,1,0,34,1,0,无同款商品信息,"李宁女连帽上衣运动服9新M码 
商场专柜180购买，灰粉搭配很好看，拉链设计，两侧口袋，衣长56袖长66胸围90！运动裤非李宁，抽绳松紧腰，裤长101臀围91腰围70！单买裤子49！上衣75！一套108！二手商品不退不换"
2.20753E+12,来闲鱼108天了,卖出过50件宝贝,自由职业行业创始人,连续3天来过,B,信用优秀,广州,中国李宁夏季短裤五分运动裤 260克 纯棉毛圈布面料舒适透气,在售,0,78,1,0,39,1,0,无同款商品信息,"中国李宁夏季短裤五分运动裤 260克 纯棉毛圈布面料舒适透气 排汗 款式经典百搭 中国李宁印花醒目特色  科技面料专注舒适感 放心入手男女穿 网红放心带货
SIZE   ： M L XL  XXL
颜色    :黑色"
3323786748,来闲鱼426天了,卖出过36件宝贝,喜欢时尚、绘画、音乐、娱乐、舞蹈,38分钟前来过,B,信用优秀,泉州,KAPPA卡帕背靠背新款串标运动休闲裤子男女宽松直筒长裤情侣,在售,369,57.3,1,0,1215,55,1,无同款商品信息,"KAPPA卡帕背靠背新款串标运动休闲裤子男女宽松直筒长裤情侣 卫裤

M  l  XL   男女皆可穿  春夏都可穿
裤脚直筒   弹力适中

三标齐全 低价处理
去年囤货堆积尾货 全新出售
当天拍下当天发货"
1069129461,来闲鱼908天了,卖出过45件宝贝,自由职业行业人力资源,连续3天来过,A,信用极好,大连,纯棉直筒女运动裤,在售,99,29,1,0,39,0,0,无同款商品信息,"纯棉直筒女运动裤
纯棉运动裤，实体店购买，适合体重125斤以内美女穿，二手商品不退不换。偏远地区不包邮"
33618543,来闲鱼866天了,卖出过15件宝贝,国家机关单位行业行政,2小时前来过,A,信用极好,绵阳,"FILA斐乐专柜正品，货号:F11M928133FWT,尺码",在售,0,80,1,0,64,0,0,无同款商品信息,"FILA斐乐专柜正品，货号:F11M928133FWT,尺码:XL180正品丝柔棉8.5成新，很少穿无污渍油点瑕疵！今年减肥所以有点大了，转给需要的人，80包邮不议价！保证专柜正品二手物品不退不换！"
3434987532,来闲鱼521天了,卖出过43件宝贝,喜欢娱乐、数码,2小时前来过,D,信用中等,六安,GUC新款3M反光织带运动收脚裤,在售,0,150,1,0,25,0,0,无同款商品信息,"GUC新款3M反光织带运动收脚裤
s码 穿过几次洗过两次 便宜出了 上身好看
裤长101 腰围37 坐围56
175 140左右略宽松供参考
二手服装签收非质量问题不支持无理由退换 到手不刀"
21992591,来闲鱼1920天了,卖出过9件宝贝,,连续2天来过,A,信用极好,上海,3件网球童装打包出，尺码M，适合140～150的小朋友。,在售,0,160,1,0,47,2,0,无同款商品信息,"3件网球童装打包出，尺码M，适合140～150的小朋友。
二手，NIKE短袖8新。
ADIDAS短袖穿过1，2次。
ADIDAS短裤仅试穿。"
72286704,来闲鱼1789天了,卖出过228件宝贝,,连续2天来过,A,信用极好,西安,Under Armour运动连帽卫衣   粉色 薄绒,在售,0,55,1,0,6,0,0,无同款商品信息,"Under Armour运动连帽卫衣   粉色 薄绒
绝对正品，五环500多购入，8新
标签因为太扎人剪掉了，介意勿扰
不搞价，可包邮，议价者不回复！
二手物品不退换！"
106727138,来闲鱼1441天了,卖出过130件宝贝,,连续2天来过,A,信用极好,温州,Adidas neo阿迪达斯新款透气运动短袖  材质：棉 功,在售,0,50,1,0,37,1,0,无同款商品信息,Adidas neo阿迪达斯新款透气运动短袖  材质：棉 功能：透气 品牌：Adidas/阿迪达斯 服装版型：常规 尺码 175/92A，衣服9.5成新，无污渍无破损，实拍图，实物会没有图片艳丽，仅供参考。因二手商品售出不退，介意慎拍！
98344461,来闲鱼1567天了,卖出过39件宝贝,,连续3天来过,A,信用极好,西安,阿迪达斯 Adidas 三叶草 正品  连衣裙,在售,599,80,1,8,22,1,0,无同款商品信息,"阿迪达斯 Adidas 三叶草 正品  连衣裙 
二手闲置 便宜出
全部实拍  一物一图
售出不退不换 想好再拍 
小店处理单件不包邮
两件及以上包邮 谢谢理解"
3578532632,来闲鱼24天了,卖出过20件宝贝,"来闲鱼24天了,卖出过20件宝贝",刚刚来过,C,信用良好,阜新,耐克女款拉链连帽卫衣  衣长  尺寸L/165/88A 八成,在售,0,48,1,0,41,1,0,无同款商品信息,耐克女款拉链连帽卫衣  衣长  尺寸L/165/88A 八成新轻微油渍 拍前请看好图片尺寸  售出不退不换  不议价  所有衣物都是二手品牌回收店的正品衣物   内标齐全   价格很低只求喜欢的朋友能多多关注我  多多光临与支持#二手旧衣物
1685052003,来闲鱼1468天了,卖出过41件宝贝,,连续3天来过,A,信用极好,临汾,正品耐克羽绒服，l码，九五新，商场专柜1599入手，保证正品,在售,0,650,1,0,16,0,0,无同款商品信息,正品耐克羽绒服，l码，九五新，商场专柜1599入手，保证正品，低价出，有意联系，二手物品不退换
2149985665,来闲鱼1575天了,卖出过603件宝贝,自由职业行业拖拉机手,连续3天来过,B,信用优秀,杭州,二手正品S码迪卡侬连帽户外运动装,在售,0,62,1,0,18,2,0,无同款商品信息,"二手正品S码迪卡侬连帽户外运动装

9成新，无破损，原装扣链，单层薄款，可当防晒服穿，防雨，170/88A 衣长73，肩宽45，胸围108，䄂长67，不正包退。

二手闲置衣鞋售出（除真假问题）不退不换、任何问题拍前请咨询清楚，拍下即默认。
  吹毛求疵者请绕道，二手物品没有绝对完美，具体成色如图，都是实拍。
偏远地区需补部分运费，具体私聊。"
3578532632,来闲鱼24天了,卖出过20件宝贝,"来闲鱼24天了,卖出过20件宝贝",刚刚来过,C,信用良好,阜新,阿迪达斯女款拉链连帽卫衣  衣长63cm  尺寸M 九成新无,在售,0,60,1,0,31,2,0,无同款商品信息,阿迪达斯女款拉链连帽卫衣  衣长63cm  尺寸M 九成新无瑕疵  拍前请看好图片尺寸  售出不退不换  不议价  所有衣物都是二手品牌回收店的正品衣物   内标齐全   价格很低只求喜欢的朋友能多多关注我  多多光临与支持#二手旧衣物
664745611,来闲鱼671天了,卖出过12件宝贝,工业/制造业行业总经理,连续5天来过,A,信用极好,青岛,低价出售正品斐乐男士运动连帽外套卫衣，裤子3件套装XL180,在售,1500,588,1,0,13,1,0,无同款商品信息,低价出售正品斐乐男士运动连帽外套卫衣，裤子3件套装XL180尺码，新旧看图片，二手衣物售出后，概不退换，请慎重下单！
4024130194,来闲鱼322天了,卖出过71件宝贝,"来闲鱼322天了,卖出过71件宝贝",连续2天来过,C,信用良好,南充,全新非二手Pa家休闲夹克 男士休闲夹克外套重磅原重工全压胶打,在售,0,189,1,0,13,0,0,无同款商品信息,"全新非二手Pa家休闲夹克 男士休闲夹克外套重磅原重工全压胶打造！男士顶级短款夹克 客供五金 所有都是压胶  防水黄金剪裁分割 外加撞色logo 只有藏青s码  懂货的来 
特价清仓不退不换
男女冲锋衣连帽运动服 功能：反光夜视 领型：连帽 功能：防风 功能：抗紫外线"
1081723195,来闲鱼933天了,卖出过17件宝贝,,2小时前来过,A,信用极好,大连,品牌型号：冬季厚棉运动裤 尺码：2.6尺-2.8尺左右均可穿,在售,0,25,1,0,35,0,0,无同款商品信息,品牌型号：冬季厚棉运动裤 尺码：2.6尺-2.8尺左右均可穿着 基础风格：运动 八成新 偏远地区邮费另计 二手衣物售后不退不换
409259004,来闲鱼403天了,卖出过149件宝贝,贸易行业行政,连续3天来过,A,信用极好,北京,阿迪达斯瑜伽服，速干衣，女款170/72A，腰围45*2，腰,在售,0,99,1,0,7,0,0,无同款商品信息,阿迪达斯瑜伽服，速干衣，女款170/72A，腰围45*2，腰围45*2，衣长56，无瑕疵，9成新，处理价格99，北京可送地铁口外地包邮二手物品不退换
2548681406,来闲鱼1301天了,卖出过27件宝贝,,连续4天来过,A,信用极好,揭阳,Nike运动休闲透气短袖T恤 运动户外项目：运动休闲 功能：,在售,0,49.9,1,0,10,0,0,无同款商品信息,"Nike运动休闲透气短袖T恤 运动户外项目：运动休闲 功能：吸湿排汗 品牌：Nike/耐克 服装款式细节：品牌LOGO 功能：透气 服装版型：常规 m码
二手物品一旦售出不退不换"
1053639104,来闲鱼1366天了,卖出过70件宝贝,喜欢宠物、时尚,连续2天来过,A,信用极好,楚雄,正品阿迪  9.5新  不喜欢了穿过2次下水一次,在售,0,100,1,0,11,0,0,无同款商品信息,"正品阿迪  9.5新  不喜欢了穿过2次下水一次
低价转
二手物品看好再拍，不退不换！"
748660183,来闲鱼1971天了,卖出过37件宝贝,体育/健身行业教练,2小时前来过,A,信用极好,武汉,Nike黑色女士运动短裤S码,在售,0,70,1,0,125,6,0,无同款商品信息,"Nike黑色女士运动短裤S码
带内衬，穿着次数很少
专卖店购入
9成新，二手商品售出不退不换。"
2470680252,来闲鱼316天了,卖出过10件宝贝,,连续2天来过,C,信用良好,赤峰,361° 儿童夏季薄款防晒衣 儿童薄外套,在售,0,50,1,0,7,0,0,无同款商品信息,"361° 儿童夏季薄款防晒衣 儿童薄外套
以前没卖过二手衣服，都比较脏了也拿不出手，小孩子懂的，这两件是外套比较新，也就穿过两三次吧，转给有需要的朋友。
孩儿衣服比较多，穿的次数都不太多。
9新！
儿童361°品牌，专卖店购买！"
357731575,来闲鱼1355天了,卖出过59件宝贝,喜欢运动,连续3天来过,A,信用极好,天津,李宁韦德卫衣，全新正品，低价出售，二手物品，恕不退还。,在售,0,99,1,0,135,4,1,无同款商品信息,"李宁韦德卫衣，全新正品，低价出售，二手物品，恕不退还。
感兴趣的话点“我想要”和我私聊吧～"
2266674873,来闲鱼1918天了,卖出过197件宝贝,喜欢摄影、绿植、宠物、时尚、运动、绘画、音乐、烘焙、娱乐、DIY、二次元、居家、舞蹈、数码,4小时前来过,A,信用极好,潍坊,全新健身运动长袖 s码 罩衫,在售,99,29,1,0,288,11,0,无同款商品信息,"全新健身运动长袖 s码 罩衫

s码，全新未穿。很轻薄的款式，特别舒服，还可以当防晒衫穿。二手物品不退不换。"
10007518,来闲鱼1712天了,卖出过227件宝贝,保正！真假问题不用多问，小票配件包装等大都买来就扔了，介意的勿买,4分钟前来过,A,信用极好,上海,maia active运动衣，瑜伽裤，基本都是xs，s码，适,在售,0,100,1,0,371,6,0,无同款商品信息,"maia active运动衣，瑜伽裤，基本都是xs，s码，适 合160到165体重90到95左右，选中的小窗咨询，一件100，两件9折，3件8折包顺丰，都只穿过一两次，有的剪标了，二手商品售出不退不换。
打X的已售！"
2.2013E+12,来闲鱼314天了,卖出过28件宝贝,二手商品概不退换哟 买二半包邮 三个包邮  拒绝已读不回,刚刚来过,D,信用中等,南昌,⭐优衣库连帽开衫卫衣 灰色  穿一  闲置便宜出,在售,0,49,1,0,2752,28,1,无同款商品信息,"⭐优衣库连帽开衫卫衣 灰色  穿一  闲置便宜出
s码适合150-160左右妹子  尺码偏大
 二手商品不退不换 退货狗别来"
725422901,来闲鱼1449天了,卖出过1件宝贝,,5小时前来过,A,信用极好,石家庄,79包邮款韩版时尚纯棉海贼王短袖➕运动裤套装（黄色、白色）（,在售,0,79,1,0,3,0,0,无同款商品信息,79包邮款韩版时尚纯棉海贼王短袖➕运动裤套装（黄色、白色）（DDJN1335），面料柔软舒服！尺码110-120-130-140-150-160-170，适合身高110cm-120cm-125cm-135m-145cm-155cm-165cm，
1081723195,来闲鱼933天了,卖出过17件宝贝,,2小时前来过,A,信用极好,大连,品牌型号：冬季 纯橙色 厚运动裤 尺码：3尺左右均可穿着 基,在售,0,25,1,0,52,1,0,无同款商品信息,品牌型号：冬季 纯橙色 厚运动裤 尺码：3尺左右均可穿着 基础风格：运动 九成新 偏远地区邮费另计 二手衣物售后不退不换
748660183,来闲鱼1971天了,卖出过37件宝贝,体育/健身行业教练,2小时前来过,A,信用极好,武汉,Nike黑色女士运动短裤S码,在售,0,70,1,0,126,6,0,无同款商品信息,"Nike黑色女士运动短裤S码
带内衬，穿着次数很少
专卖店购入
9成新，二手商品售出不退不换。"
2858582176,来闲鱼1101天了,卖出过289件宝贝,,3分钟前来过,B,信用优秀,保定,H&M速干裤，运动健身裤，瑜伽裤,在售,199,25,1,0,43,1,0,无同款商品信息,"H&M速干裤，运动健身裤，瑜伽裤
专柜购入，尺码170 
裤长70cm，腰围35cm
弹力很大，穿着非常舒服
9成新，多条包邮"
64093373,来闲鱼2013天了,卖出过386件宝贝,媒体/广告/公关行业行政,2小时前来过,A,信用极好,杭州,阿迪达斯/ADIDAS 正品 棒球服 男子运动开衫外套 L码,在售,0,138,1,7,5,0,0,无同款商品信息,阿迪达斯/ADIDAS 正品 棒球服 男子运动开衫外套 L码 180/100A 二手衣物售出不退不换 两件以上有优惠 10607
1659115287,来闲鱼1611天了,卖出过34件宝贝,自由职业行业行政,3小时前来过,A,信用极好,西安,二手衣服，不退不换,在售,0,35,1,0,5,0,0,无同款商品信息,"二手衣服，不退不换
感兴趣的话点“我想要”和我私聊吧～"
2936027343,来闲鱼172天了,卖出过3件宝贝,,51分钟前来过,D,信用中等,成都,New Balance正品套衫迷彩卫衣 白菜价 95新几十块,在售,0,37.76,1,0,41,1,0,无同款商品信息,New Balance正品套衫迷彩卫衣 白菜价 95新几十块钱穿着玩儿 毕竟还是牛逼NB 二手服饰 建议慎拍 迷彩花臂
381195533,来闲鱼833天了,卖出过64件宝贝,零售行业行政,连续4天来过,A,信用极好,北京,史努比童装速干裤潮运动裤休闲裤哈伦裤弹力裤,在售,0,28.5,1,0,4,0,0,无同款商品信息,"史努比童装速干裤潮运动裤休闲裤哈伦裤弹力裤

夏季空调裤防蚊虫叮咬！

儿童潮裤，亲可直接拍哈，备注需要的颜色即可！"
367280598,来闲鱼222天了,卖出过18件宝贝,,2小时前来过,A,信用极好,东莞,阿迪达斯连帽运动风衣,在售,889,150,1,0,3,0,0,无同款商品信息,"阿迪达斯连帽运动风衣
全新男款M
蓝色清新自然
穿上就是帅哥哈哈哈哈
女生穿上Oversize风也很好看

喜欢私聊
二手物品售出不退换
看好再拍
偏远地区不包邮"
322028098,来闲鱼1651天了,卖出过6件宝贝,,2小时前来过,A,信用极好,银川,阿迪达斯运动休闲短袖t恤 功能：超轻 功能：吸湿排汗 功能：,在售,0,80,1,0,3,0,0,无同款商品信息,阿迪达斯运动休闲短袖t恤 功能：超轻 功能：吸湿排汗 功能：透气 品牌：Adidas/阿迪达斯 服装版型：常规，闲置出，二手商品售出不退换！买来就没穿过，现在穿上小了点！
3578532632,来闲鱼24天了,卖出过20件宝贝,"来闲鱼24天了,卖出过20件宝贝",刚刚来过,C,信用良好,阜新,耐克女款拉链连帽卫衣  衣长  尺寸L/165/88A 八成,在售,0,48,1,0,42,1,0,无同款商品信息,耐克女款拉链连帽卫衣  衣长  尺寸L/165/88A 八成新轻微油渍 拍前请看好图片尺寸  售出不退不换  不议价  所有衣物都是二手品牌回收店的正品衣物   内标齐全   价格很低只求喜欢的朋友能多多关注我  多多光临与支持#二手旧衣物
679443564,来闲鱼1635天了,卖出过35件宝贝,喜欢时尚、音乐、娱乐、居家、舞蹈,连续4天来过,B,信用优秀,牡丹江,安踏运动款连衣裙，九九新。大合唱买的连衣裙，就穿了5分钟，唱,在售,0,60,1,0,54,2,0,无同款商品信息,安踏运动款连衣裙，九九新。大合唱买的连衣裙，就穿了5分钟，唱完就换下了，M码165 本人身高171 体重106 胸围89穿着尺码正好，个人不太喜欢这种运动风，低价转！二手物品不退不换！
1081723195,来闲鱼933天了,卖出过17件宝贝,,2小时前来过,A,信用极好,大连,品牌型号：冬季厚棉运动裤 尺码：2.6尺-2.8尺左右均可穿,在售,0,25,1,0,36,0,0,无同款商品信息,品牌型号：冬季厚棉运动裤 尺码：2.6尺-2.8尺左右均可穿着 基础风格：运动 八成新 偏远地区邮费另计 二手衣物售后不退不换
2.20792E+12,来闲鱼51天了,卖出过3件宝贝,培训行业咨询顾问,连续2天来过,D,信用中等,北京,全新Nike  Sportswear男士运动梭织长裤,在售,0,160,1,0,4,0,0,无同款商品信息,"全新Nike  Sportswear男士运动梭织长裤
货号928001 原价539
暴躁起来，这款Sportswear男子运动长裤采用顺滑梭织面料，比普通梭织面料弹力更好更顺滑，上身体验超级舒爽，很适合夏季运动休闲驾驭！垂感超棒的面料结合锥形剪裁，塑就简洁利落的运动风范与舒适穿着体验！可调式弹性腰部和裤脚设计，缔造稳固舒适感
本交易仅支持自提"
64319326,来闲鱼1381天了,卖出过72件宝贝,默认二手，别一会儿还价一会儿求包邮，收货后拿着放大镜找瑕疵，注意素质,1小时前来过,A,信用极好,沈阳,AIR JORDAN aj童篮球套装,在售,0,68,1,7,5,0,0,无同款商品信息,"AIR JORDAN aj童篮球套装
超帅的一套
夏天穿起来凉凉快快的
颜色也好看
适合身高110-116cm
5-6岁
九五新
二手商品售出不退不换
议价不回"
717957982,来闲鱼567天了,卖出过54件宝贝,IT/互联网/通信行业工程师,连续3天来过,A,信用极好,天津,条纹运动裤收口松紧腰休闲女裤，尺寸如图，只穿过一次，因为我穿,在售,100,50,1,0,38,0,0,无同款商品信息,条纹运动裤收口松紧腰休闲女裤，尺寸如图，只穿过一次，因为我穿比较短，转给喜欢的美眉，二手物品不退换，偏远地区不包邮
1795542413,来闲鱼191天了,卖出过567件宝贝,,1小时前来过,B,信用优秀,东莞,全新耐克正品！橄榄球止汗帽户外运动骑行跑步足球训练帽普通薄款,在售,0,62,1,0,731,19,0,无同款商品信息,全新耐克正品！橄榄球止汗帽户外运动骑行跑步足球训练帽普通薄款 非二手货，简易包装。保证正品！黑色有L，S两码，白色均码。正品耐克的质量不用怀疑，有弹性怎么都不变形。买过我东西的都知道不要再问正品不正品之类的话。黑色带反光标均码
353342004,来闲鱼1605天了,卖出过56件宝贝,宝宝衣服太多，清清买新的,1小时前来过,A,信用极好,威海,宝宝二手夏天防蚊裤，柔软舒适穿着凉快，13块一条，3岁到5岁,在售,89,13,1,12,4,0,0,无同款商品信息,宝宝二手夏天防蚊裤，柔软舒适穿着凉快，13块一条，3岁到5岁小朋友可以穿。详情看图片细节，需要可直接拍下，二手物品不议价不退换，慎拍
2.20668E+12,来闲鱼49天了,卖出过21件宝贝,工业/制造业行业产品经理,15分钟前来过,A,信用极好,上海,marmot速干男士短袖运动健身T恤,在售,0,69,1,0,175,7,0,无同款商品信息,"marmot速干男士短袖运动健身T恤 
工厂做大货 出完货之后剩下的一些 当二手卖了     
尺码S—XL  130斤到180都可以穿
                  M            L             XL
1/2胸围       54           56            58
1/2下摆       53           55            57
衣长           70.5        72.5          74.5
肩宽           47.2        48.6          50
品质保证 收货后有任何问题 支持退换"
429951191,来闲鱼123天了,卖出过57件宝贝,店铺上新 ，欢迎您进来看看，全是阿迪耐克二手正品货源 ，喜欢的朋友点个关注支持下，谢谢！,2小时前来过,A,信用极好,阜新,阿迪达斯女款运动长裤 尺寸：M号 正品 9成新 无破损拍前请,在售,0,55,1,0,255,3,0,无同款商品信息,"阿迪达斯女款运动长裤 尺寸：M号 正品 9成新 无破损拍前请看好图片尺寸 售出不退换 不议价 所有衣物都是二手品牌回收店的正品衣物  内标齐全  价格很低  只求喜欢的朋友能多多关注我
多多光临  # 二手旧衣物"
679443564,来闲鱼1635天了,卖出过35件宝贝,喜欢时尚、音乐、娱乐、居家、舞蹈,连续4天来过,B,信用优秀,牡丹江,运动服卫衣女，套头。九九新，M码，胸围120，oversiz,在售,0,40,1,0,35,0,0,无同款商品信息,运动服卫衣女，套头。九九新，M码，胸围120，oversize版。穿过两回加起来上身不到两个小时。很好穿的罩衣，天冷直接在里面加打底衫就行。和老公买了情侣衣，两款很相似，这件就转了。二手物品不退不换！
1069129461,来闲鱼908天了,卖出过45件宝贝,自由职业行业人力资源,连续3天来过,A,信用极好,大连,纯棉直筒女运动裤,在售,99,29,1,0,40,0,0,无同款商品信息,"纯棉直筒女运动裤
纯棉运动裤，实体店购买，适合体重125斤以内美女穿，二手商品不退不换。偏远地区不包邮"
2046477178,来闲鱼1213天了,卖出过160件宝贝,,连续5天来过,A,信用极好,南京,tommy hilfiger汤米新款舒适抽绳短裤沙滩裤,在售,0,39.99,1,7,11,0,0,无同款商品信息,"tommy hilfiger汤米新款舒适抽绳短裤沙滩裤
大码男童款 速干 不吸水 涤纶 面料 有内衬网眼
12-14岁 腰围64CM
16-18岁 腰围72CM 可做成人装
超市货质量一般 ¥40/件不包邮，¥80/2件包邮二手物品非质量问题不退不换啦"
2032296678,来闲鱼1659天了,卖出过148件宝贝,,4小时前来过,C,信用良好,青岛,zvbv2020春装新款欧洲站亮片重工钉珠印花圆领套头时尚长,在售,0,30,1,0,17,2,0,无同款商品信息,zvbv2020春装新款欧洲站亮片重工钉珠印花圆领套头时尚长袖卫衣女S码宽松版，穿一洗一，九成新，二手物品不退不换
106727138,来闲鱼1441天了,卖出过130件宝贝,,连续2天来过,A,信用极好,温州,Adidas neo阿迪达斯新款透气运动短袖  材质：棉 功,在售,0,50,1,0,38,1,0,无同款商品信息,Adidas neo阿迪达斯新款透气运动短袖  材质：棉 功能：透气 品牌：Adidas/阿迪达斯 服装版型：常规 尺码 175/92A，衣服9.5成新，无污渍无破损，实拍图，实物会没有图片艳丽，仅供参考。因二手商品售出不退，介意慎拍！
919297852,来闲鱼1565天了,卖出过24件宝贝,其他学校毕业,2小时前来过,A,信用极好,青岛,Gap男装连帽套头卫衣 适用季节：春季 款式：套头 厚薄：常,在售,0,70,1,0,30,0,0,无同款商品信息,"Gap男装连帽套头卫衣 适用季节：春季 款式：套头 厚薄：常规
衣服很干净，折旧程度见图，内里起球，外面很好
看外观8成新，内里买来就稍微有点球
适合：身高173-180 体重130-145
二手服装，不退不换！"
429951191,来闲鱼123天了,卖出过57件宝贝,店铺上新 ，欢迎您进来看看，全是阿迪耐克二手正品货源 ，喜欢的朋友点个关注支持下，谢谢！,2小时前来过,A,信用极好,阜新,耐克男女通款帽衫卫衣 正品 9成新 无破损拍前请看好图片尺寸,在售,0,45,1,0,178,1,0,无同款商品信息,"耐克男女通款帽衫卫衣 正品 9成新 无破损拍前请看好图片尺寸 售出不退换 不议价 所有衣物都是二手品牌回收店的正品衣物  内标齐全  价格很低  只求喜欢的朋友能多多关注我
多多光临  # 二手旧衣物"
2313501182,来闲鱼554天了,卖出过72件宝贝,,连续4天来过,A,信用极好,吉林,AK男装全棉运动背心，AKseries，尺码：M/170。,在售,0,50,1,12,3,0,0,无同款商品信息,"AK男装全棉运动背心，AKseries，尺码：M/170。
闲置一款背心，材质很舒服，图5的瑕疵处已经标出来了。
衣服都是干净的，发出前会消毒熨烫。
二手闲置不退换。"
429951191,来闲鱼123天了,卖出过57件宝贝,店铺上新 ，欢迎您进来看看，全是阿迪耐克二手正品货源 ，喜欢的朋友点个关注支持下，谢谢！,2小时前来过,A,信用极好,阜新,阿迪运动休闲连帽外套 尺寸XXL号 正品 9成新 无破损拍前,已售出,0,45,0,0,363,16,0,无同款商品信息,"阿迪运动休闲连帽外套 尺寸XXL号 正品 9成新 无破损拍前请看好图片尺寸 售出不退换 不议价 所有衣物都是二手品牌回收店的正品衣物  内标齐全  价格很低  只求喜欢的朋友能多多关注我
多多光临  # 二手旧衣物"
429951191,来闲鱼123天了,卖出过57件宝贝,店铺上新 ，欢迎您进来看看，全是阿迪耐克二手正品货源 ，喜欢的朋友点个关注支持下，谢谢！,2小时前来过,A,信用极好,阜新,耐克男款帽衫卫衣 正品 8成新 无破损拍前请看好图片尺寸 售,在售,0,45,1,0,118,1,0,无同款商品信息,"耐克男款帽衫卫衣 正品 8成新 无破损拍前请看好图片尺寸 售出不退换 不议价 所有衣物都是二手品牌回收店的正品衣物  内标齐全  价格很低  只求喜欢的朋友能多多关注我
多多光临  # 二手旧衣物"
429951191,来闲鱼123天了,卖出过57件宝贝,店铺上新 ，欢迎您进来看看，全是阿迪耐克二手正品货源 ，喜欢的朋友点个关注支持下，谢谢！,2小时前来过,A,信用极好,阜新,Nike耐克男款运动休闲阔腿裤 尺寸XXL/185/88A,在售,0,50,1,0,310,5,0,无同款商品信息,"Nike耐克男款运动休闲阔腿裤 尺寸XXL/185/88A 正品 9成新 无破损拍前请看好图片尺寸 售出不退换 不议价 所有衣物都是二手品牌回收店的正品衣物  内标齐全  价格很低  只求喜欢的朋友能多多关注我
多多光临  # 二手旧衣物"
429951191,来闲鱼123天了,卖出过57件宝贝,店铺上新 ，欢迎您进来看看，全是阿迪耐克二手正品货源 ，喜欢的朋友点个关注支持下，谢谢！,2小时前来过,A,信用极好,阜新,Nike耐克男款休闲夹克外套 尺寸：XXL/185/100A,在售,0,65,1,0,86,1,0,无同款商品信息,"Nike耐克男款休闲夹克外套 尺寸：XXL/185/100A 正品 9成新 无破损拍前请看好图片尺寸 售出不退换 不议价 所有衣物都是二手品牌回收店的正品衣物  内标齐全  价格很低  只求喜欢的朋友能多多关注我
多多光临  # 二手旧衣物"
31851861,来闲鱼599天了,卖出过113件宝贝,雅诗兰黛产品均是专柜货源～不信勿扰！,连续5天来过,A,信用极好,苏州,加绒加厚长袖运动套装，小朋友只穿过几次。八九成新。尺码S，尺,在售,0,50,1,0,160,1,0,无同款商品信息,"加绒加厚长袖运动套装，小朋友只穿过几次。八九成新。尺码S，尺码表如图。
二手商品不退不换！"
2299435501,来闲鱼1684天了,卖出过125件宝贝,,刚刚来过,A,信用极好,烟台,NIKE迷彩针织外套， 便宜甩 橙色看图，很不错，北京奥特莱,在售,0,199,1,12,5,0,0,无同款商品信息,NIKE迷彩针织外套， 便宜甩 橙色看图，很不错，北京奥特莱斯买的，l码，适合175到180身材适中的兄弟，当时500多买的，发票可以找找，保正，这个配色很帅，细节处看图，老规矩顺丰到付，二手物品非真假不退不换，爽快包邮
2632349808,来闲鱼1159天了,卖出过11件宝贝,,连续2天来过,C,信用良好,襄阳,阿迪达斯哈登短裤 50包邮 m 二手不退,在售,0,50,1,0,36,1,0,无同款商品信息,"阿迪达斯哈登短裤 50包邮 m 二手不退
感兴趣的话点“我想要”和我私聊吧～"
56430027,来闲鱼1645天了,卖出过77件宝贝,自由职业行业销售,12分钟前来过,A,信用极好,大连,春秋季 Adidas 阿迪达斯 女 夹克 立领运动休闲卫衣,在售,499,40,1,10,332,11,20,无同款商品信息,"春秋季 Adidas 阿迪达斯 女 夹克 立领运动休闲卫衣 
码:170，贴身运动服，适合115斤以下，
二手衣服多少都有点瑕疵，二手要求不高的不要错过，邮寄后不退不换"
2.20416E+12,来闲鱼332天了,卖出过57件宝贝,喜欢摄影、绿植、宠物、时尚、运动、音乐、娱乐、DIY、居家、数码,连续3天来过,A,信用极好,北京,jordan 半袖 L码,在售,0,49,1,0,73,5,0,无同款商品信息,"jordan 半袖 L码
个人二手，正品。尺码L 偏小-长65/宽46/ 售出非真假问题不退不换。包邮"
646576925,来闲鱼639天了,卖出过131件宝贝,闲置物品售出不退不换,42分钟前来过,B,信用优秀,呼伦贝尔,运动健身瑜伽短袖   两件打包价28元包邮，不议价  弹性大,在售,150,28,1,0,76,3,2,无同款商品信息,"运动健身瑜伽短袖   两件打包价28元包邮，不议价  弹性大    两件都是平铺胸围88
衣长62  还可以拉伸   140斤以下都可以穿
9.5新   当时买的一件大约七八十的样子
低价转   二手闲置衣物不退不换哦
本交易仅支持自提、当面交易、邮寄"
797642272,来闲鱼441天了,卖出过159件宝贝,宝妈一枚,31分钟前来过,A,信用极好,天津,HM，李宁，优衣库，阿迪达斯短裤，都是商场购买保证正品。阿迪,在售,0,35,1,0,99,3,0,无同款商品信息,HM，李宁，优衣库，阿迪达斯短裤，都是商场购买保证正品。阿迪达斯优衣库穿的比较多。二手服装不退不换。
1998617703,来闲鱼1122天了,卖出过44件宝贝,华南农业大学毕业,连续5天来过,A,信用极好,广州,Nike耐克黑色运动长裤XL码,在售,0,39.9,1,0,1096,12,0,无同款商品信息,"Nike耐克黑色运动长裤XL码 
七成新，没损坏，没起球。宽度33CM，长度91CM，手工测量稍有误差。
本人身高160CM，体重45kg，穿上合适，仅供参考。二手衣物售出不退不换，请考虑好再下单。"
919297852,来闲鱼1565天了,卖出过24件宝贝,其他学校毕业,2小时前来过,A,信用极好,青岛,拉夏贝尔男装的裤子,在售,0,30,1,0,76,1,0,无同款商品信息,"拉夏贝尔男装的裤子
男针织
有一处很小的地方漏线了 正好在膝盖造型缝处
看不出来
适合：身高173-180 体重130-145
二手服装，不退不换！"
919297852,来闲鱼1565天了,卖出过24件宝贝,其他学校毕业,2小时前来过,A,信用极好,青岛,拉夏贝尔男装的裤子,在售,0,30,1,0,77,1,0,无同款商品信息,"拉夏贝尔男装的裤子
男针织
有一处很小的地方漏线了 正好在膝盖造型缝处
看不出来
适合：身高173-180 体重130-145
二手服装，不退不换！"
919297852,来闲鱼1565天了,卖出过24件宝贝,其他学校毕业,2小时前来过,A,信用极好,青岛,拉夏贝尔男装的裤子,在售,0,30,1,0,78,1,0,无同款商品信息,"拉夏贝尔男装的裤子
男针织
有一处很小的地方漏线了 正好在膝盖造型缝处
看不出来
适合：身高173-180 体重130-145
二手服装，不退不换！"
154584068,来闲鱼1421天了,卖出过311件宝贝,自由职业行业行政,51分钟前来过,A,信用极好,忻州,Adidas/阿迪达斯 防风休闲运动外套,在售,0,35.2,1,0,215,1,0,无同款商品信息,"Adidas/阿迪达斯 防风休闲运动外套
新旧程度 :保守8成新，三道杠有些掉
转手原因 :衣服太多了出一点闲置的衣服
入手渠道 :实体店
⭕二手衣物概不退货
❌接收超低议价"
429951191,来闲鱼123天了,卖出过57件宝贝,店铺上新 ，欢迎您进来看看，全是阿迪耐克二手正品货源 ，喜欢的朋友点个关注支持下，谢谢！,2小时前来过,A,信用极好,阜新,Adidas阿迪聚酯纤维休闲运动外套 XL 衣长67cm 胸,在售,0,65,1,0,110,5,0,无同款商品信息,"Adidas阿迪聚酯纤维休闲运动外套 XL 衣长67cm 胸围100cm 正品 9成新 无破损拍前请看好图片尺寸 售出不退换 不议价 所有衣物都是二手品牌回收店的正品衣物  内标齐全  价格很低  只求喜欢的朋友能多多关注我 多多光临支持
# 二手旧衣物"
429951191,来闲鱼123天了,卖出过57件宝贝,店铺上新 ，欢迎您进来看看，全是阿迪耐克二手正品货源 ，喜欢的朋友点个关注支持下，谢谢！,2小时前来过,A,信用极好,阜新,Nike耐克女款连帽外套 尺码：M/160/84A,已售出,0,65,0,0,47,1,0,无同款商品信息,"Nike耐克女款连帽外套 尺码：M/160/84A
正品 9成新 无破损拍前请看好图片尺寸 售出不退换 不议价 所有衣物都是二手品牌回收店的正品衣物  内标齐全  价格很低  只求喜欢的朋友能多多关注我
多多光临  # 二手旧衣物"
429951191,来闲鱼123天了,卖出过57件宝贝,店铺上新 ，欢迎您进来看看，全是阿迪耐克二手正品货源 ，喜欢的朋友点个关注支持下，谢谢！,2小时前来过,A,信用极好,阜新,阿迪三叶草运动休闲外套  尺寸M衣长66cm,在售,0,65,1,0,97,3,0,无同款商品信息,"阿迪三叶草运动休闲外套  尺寸M衣长66cm
胸围100cm 正品 9成新 无破损拍前请看好图片尺寸 售出不退换 不议价 所有衣物都是二手品牌回收店的正品衣物  内标齐全  价格很低  只求喜欢的朋友能多多关注我
多多光临  # 二手旧衣物"
2.20784E+12,来闲鱼69天了,卖出过78件宝贝,自由职业行业创始人,6分钟前来过,B,信用优秀,吉林,二手正品耐克短袖 瑕疵最后图，有个黑点，便宜出,在售,0,45,1,0,33,2,0,无同款商品信息,"二手正品耐克短袖 瑕疵最后图，有个黑点，便宜出
尺码xl
新旧程度：8新
入手渠道 ：专柜
主页还有其他款，随手点个关注，持续更新上架，总有一款适合您！

1.只售正品，支持全宇宙鉴定
2.价格均为实价，信息没有及时回复，请自助下单，看到后我会回复确认。
3.默认圆通，偏远地区或者要顺丰邮费另算。
4.图片都是手机原相机实拍，所见即所得。不用担心拿到手衣服和图片的不一样。
5.二手物品，售出非真假问题不退换，请买前看好！问好！
6.衣服会打包好寄出，外包装不会注明二手衣服，请放心。
7.发货时间一般当天发出，最晚隔天，有特殊情况会说明。
8.服装鞋子已经消毒，请放心穿着！
9.购买与否，相识既缘分，随手点个关注，会持续上货，感谢支持。
耐克 阿迪达斯AJ乔丹  安德玛 纽百伦 锐步MLB 斐乐 DK 科比麦迪詹姆斯霍华德欧文利拉德 保罗  哈登 字母歌 艾弗森 李宁361 安踏"
3991505853,来闲鱼571天了,卖出过21件宝贝,法律/会计/咨询行业公关,17小时前来过,B,信用优秀,连云港,穿过3次。可以穿到120斤。二手物品不退不换，完美主义绕道。,在售,300,40,1,0,17,0,0,无同款商品信息,穿过3次。可以穿到120斤。二手物品不退不换，完美主义绕道。下单后最迟第二天发货，不议价
50094854,来闲鱼1600天了,卖出过346件宝贝,,4分钟前来过,A,信用极好,北京,中国李宁时装周卫衣，正品，云中鹤，L码，二手，成色见图，帽子,在售,0,150,1,0,128,4,0,无同款商品信息,中国李宁时装周卫衣，正品，云中鹤，L码，二手，成色见图，帽子的绳掉了一个帽，其他无瑕疵，原价699，300包邮
739068270,来闲鱼1622天了,卖出过651件宝贝,自由职业行业职业经理人,连续3天来过,A,信用极好,连云港,adidas三叶草运动T恤 BK7772 上市年份季节：20,在售,699,80,1,10,56,0,0,无同款商品信息,adidas三叶草运动T恤 BK7772 上市年份季节：2017年夏季 品牌：Adidas/阿迪达斯 服装版型：常规 身高165，98斤穿效果。没有任何瑕疵。正常穿过痕迹 二手闲置不退不换 不包邮不议价免开尊口
2178376040,近期会更新一大波个人闲置商品 新的旧的都有 敬请期待更新哦！来闲鱼1544天了,卖出过234件宝贝,自由职业行业销售,1小时前来过,A,信用极好,东莞,Adidas 阿迪达斯,在售,0,129,1,0,9,0,0,无同款商品信息,Adidas 阿迪达斯 运动速干短袖T恤 尺码Ｌ 衣长70 胸围106 成色如图实拍 保证正品 二手闲置物品 售出不退不换！
3559692571,来闲鱼464天了,卖出过316件宝贝,自由职业行业市场,刚刚擦亮,C,信用良好,长春,阿迪达斯adidas品牌运动短袖，L码，胸围104，衣长67,在售,0,55,1,0,7,1,0,无同款商品信息,阿迪达斯adidas品牌运动短袖，L码，胸围104，衣长67，本人172，体重142斤，可以参考一下上身效果，具体成色见图，单件不议价，墨迹拉黑，不偏远包邮，请购买前沟通清楚好所有问题，二手物品售出不退换
723754682,来闲鱼398天了,卖出过13件宝贝,喜欢摄影、绿植、宠物、时尚、运动、音乐、烘焙、居家、数码,20分钟前来过,A,信用极好,牡丹江,阿迪达斯运动休闲短袖 胜道专卖店购买 桔色 圆领纯棉质量 透,在售,0,39.9,1,0,60,1,0,无同款商品信息,"阿迪达斯运动休闲短袖 胜道专卖店购买 桔色 圆领纯棉质量 透气   M尺码 
二手物品售出不退不换"
657877006,来闲鱼1609天了,卖出过101件宝贝,金融行业，,6小时前来过,A,信用极好,沈阳,全新防晒衣女款两件L码，冬天买的本人胖了粉色标签拆掉仅试穿，,在售,0,42,1,0,116,4,0,无同款商品信息,全新防晒衣女款两件L码，冬天买的本人胖了粉色标签拆掉仅试穿，质量很好！略有一点弹力，有喜欢的转，一件42两件78面料好质量好！不是地摊的质量放心购买二手物品售出不退不换看好再拍！
664745611,来闲鱼671天了,卖出过12件宝贝,工业/制造业行业总经理,连续5天来过,A,信用极好,青岛,低价出售正品斐乐男士运动裤一条XL码180/100A，新旧看,在售,499,158,1,0,127,3,0,无同款商品信息,低价出售正品斐乐男士运动裤一条XL码180/100A，新旧看图片，卫衣，裤子2件套装可打包，二手衣物售出后，概不退换，请慎重下单！
